Model,Model_Code,Top-1_Accuracy,Top-5_Hit_Rate,MRR,Total_Predictions,Years_Covered,Year_Range,Top-1_Accuracy_Percent,Top-5_Hit_Rate_Percent,MRR_Percent,Error_Rate_Percent,Predictions_Per_Year,Rank_Top1,Rank_Top5,Rank_MRR,Performance_Level
Llama3.1 8B,llama3.1_8b,0.10046323451798625,0.16231913878730628,0.12577338252054632,748433,10,2014-2023,10.05,16.23,12.58,89.95,74843.0,1,4,1,Excellent
Mixtral 8X7B,mixtral_8x7b,0.036123357955937144,0.21350601384538037,0.11182835724690927,620568,10,2014-2023,3.61,21.35,11.18,96.39,62057.0,2,3,2,Good
Qwen2.5 14B,qwen2.5_14b,0.028870210507949873,0.26181035876470843,0.10089951290723784,624727,10,2014-2023,2.89,26.18,10.09,97.11,62473.0,3,1,3,Base
Deepseek Coder 33B,deepseek-coder_33b,0.023205741241238823,0.2193094845550232,0.08355463585675693,620493,10,2014-2023,2.32,21.93,8.36,97.68,62049.0,4,2,4,Base
Qwen2.5 7B,qwen2.5_7b,4.6043241181074914e-05,0.002541148406136468,0.0011112499716797522,456093,10,2014-2023,0.0,0.25,0.11,100.0,45609.0,5,5,5,
